id;nom;prenom;age;address;codepostal
1;pixel West dreamily;falter;24702;Analyst Smart navigate;6209
2;generate parsing Fish;Austria facere;27134;Frozen Northwest Pines;26762
3;dicker Card;female executor;31648;knowingly Road;21753
4;Executive blissfully partnerships;SUV relationships;1798;Metal careful;15958
5;female Northeast Awesome;deliver;25704;female navigating;10023
6;invoice;program Unbranded Manager;29032;orange;5429
7;Country;Investment compressing Cambridgeshire;6238;Licensed Mercedes;29000
8;Agent Falls Account;blue wireless;15256;East Northeast;12168
9;invoice copying;withdrawal;32659;Passage;9468
10;South Celsius trade;est;11551;Versatile North Agent;32179
